{
  "train_mae": {
    "overall": 0.2007426080276111,
    "fc": 0.3970359376075348,
    "lr": 0.3464184796424403,
    "gra": 0.3840747803810983,
    "pr": 0.36440136352677116
  },
  "val_mae": {
    "overall": 0.2957567744025769,
    "fc": 0.5090520000468202,
    "lr": 0.46762471975270514,
    "gra": 0.5149381233099051,
    "pr": 0.5072467773808398
  },
  "val_spearman": {
    "overall": 0.9108858731772779,
    "fc": 0.8417765237640723,
    "lr": 0.8481632458158331,
    "gra": 0.8417164266243842,
    "pr": 0.8339776323437218
  },
  "val_by_range": {
    "low (≤5.0)": {
      "mae": 0.22501631853890813,
      "count": 117.0
    },
    "medium (5.5-6.5)": {
      "mae": 0.2837735609795143,
      "count": 234.0
    },
    "high (≥7.0)": {
      "mae": 0.3625080110112872,
      "count": 166.0
    }
  }
}